{"cameraMode":{"drawMode":0,"name":"Shaded","section":"Shading Mode"},"sceneLighting":true,"audioPlay":false,"sceneViewState":{"m_AlwaysRefresh":false,"showFog":true,"showSkybox":true,"showFlares":true,"showImageEffects":true,"showParticleSystems":true,"showVisualEffectGraphs":true,"m_FxEnabled":true},"in2DMode":false,"pivot":{"x":-0.11899113655090332,"y":0.9292454719543457,"z":-10.032693862915039},"rotation":{"x":-0.2529595196247101,"y":-0.058298833668231967,"z":0.015274728648364544,"w":-0.9656164050102234},"size":2.9110684394836427,"orthographic":false}