{"cameraMode":{"drawMode":0,"name":"Shaded","section":"Shading Mode"},"sceneLighting":true,"audioPlay":false,"sceneViewState":{"m_AlwaysRefresh":false,"showFog":true,"showSkybox":true,"showFlares":true,"showImageEffects":true,"showParticleSystems":true,"showVisualEffectGraphs":true,"m_FxEnabled":true},"in2DMode":false,"pivot":{"x":1178.6080322265625,"y":371.68865966796877,"z":243.0558319091797},"rotation":{"x":-0.05697531998157501,"y":-0.005084080621600151,"z":0.0002909823670051992,"w":-0.9984865784645081},"size":236.7572021484375,"orthographic":false}