{"cameraMode":{"drawMode":0,"name":"Shaded","section":"Shading Mode"},"sceneLighting":true,"audioPlay":false,"sceneViewState":{"m_AlwaysRefresh":false,"showFog":true,"showSkybox":true,"showFlares":true,"showImageEffects":true,"showParticleSystems":true,"showVisualEffectGraphs":true,"m_FxEnabled":true},"in2DMode":false,"pivot":{"x":1.9291497468948365,"y":4.498775959014893,"z":12.855780601501465},"rotation":{"x":-0.23288346827030183,"y":0.042349476367235187,"z":-0.007922718301415444,"w":-0.9746671319007874},"size":10.489280700683594,"orthographic":false}